,study_hours,attendance,internal_score,prev_result,sleep_hours,extra_activity,final_score,pass_fail
0,4.37086107,73.98352826,42.95930502,66.33572496,5.570234102,2,79.34773208,1
1,9.556428758,76.80481832,67.93306632,63.54273143,5.481872794,2,94.0290948,1
2,7.587945476,65.47638081,91.10620851,31.79494461,9.437527483,2,92.21317795,1
3,6.387926358,90.68975099,81.25574205,53.88734793,5.497277199,2,91.3750144,1
4,2.404167764,84.23655863,67.39499492,64.8443129,7.074599279,3,83.31956046,1
5,2.403950683,58.13084697,76.11483567,57.91759466,8.556389575,2,76.63602404,1
6,1.52275251,95.54635922,78.45935952,70.61206585,6.698439055,0,88.39876488,1
7,8.795585312,91.12686215,89.44369561,67.35217827,8.660263342,2,100,1
8,6.410035106,97.48999566,47.47676062,72.5533565,4.392196945,3,85.41113394,1
9,7.3726532,86.28597542,64.25974746,83.54182831,6.925427162,2,97.79671801,1
10,1.185260449,80.6707598,45.48466093,64.8443129,4.201681601,0,65.02892689,1
11,9.729188669,70.91215181,99.13676056,64.8443129,4.375919221,3,100,1
12,8.491983767,96.63642417,96.08415378,96.88665872,9.43862472,3,100,1
13,2.911051996,93.30319448,32.7598768,31.27628079,4.835472227,0,61.47301517,0
14,2.636424705,73.98352826,79.39026208,43.704459,7.194524094,0,77.34989355,1
15,2.650640589,51.31834872,94.76738222,30.52940125,6.466573616,0,73.84723267,1
16,3.738180187,68.82316834,42.64027416,75.32322999,6.084059958,0,69.49618958,1
17,5.722807885,90.52766654,69.75616614,92.86213843,9.399000074,0,99.12828156,1
18,4.887505168,99.36380647,94.08418083,47.04376076,4.130940381,3,95.10384726,1
19,3.621062262,57.52084456,32.3762185,94.89241814,7.982738117,3,72.14969472,1
20,6.506676053,79.70653577,67.39499492,34.21871732,9.780366605,2,84.94828071,1
21,2.255444746,69.04454283,50.81443052,95.41052188,7.361009101,2,78.84888387,1
22,3.629301837,98.49571989,67.39499492,64.8443129,9.620934772,1,94.59149588,1
23,5.674863893,92.10594616,97.97407716,37.09945799,4.313547276,2,90.64666637,1
24,5.104629858,91.91643524,96.09865424,64.01102314,6.512759914,2,99.35551312,1
25,8.066583653,73.43465799,63.19499517,47.97435974,5.560946746,0,88.42962492,1
26,2.797064039,70.74097512,90.34298557,49.94110314,8.38492579,0,79.32945224,1
27,5.628109946,63.6703536,89.1184579,51.51029754,7.074599279,2,93.20917913,1
28,6.33173112,52.81877483,52.33703313,86.21181285,5.539180375,1,84.63011087,1
29,1.418053714,93.23611881,88.02408319,67.74128937,7.925047609,0,84.81841353,1
30,6.467903667,90.64505046,32.59053443,51.79153894,5.188585797,2,75.749452,1
31,2.534717113,99.98588366,71.73889149,72.72336483,7.391981527,2,86.246181,1
32,1.585464337,73.98352826,46.10061861,80.1305472,7.074599279,3,77.23355899,1
33,5.674863893,77.77158528,38.439682,49.08368005,9.832031978,1,87.03346921,1
34,5.674863893,88.44937076,35.38672411,58.94843711,7.651163636,3,87.2779561,1
35,8.275576133,97.23828649,78.74021431,38.53202653,6.097038233,1,100,1
36,5.674863893,92.48236953,53.79124746,42.68045447,4.684574709,0,79.11949155,1
37,1.879049026,62.36740509,80.73367401,77.67824978,4.907480972,1,76.51125776,1
38,7.158097239,72.52720677,34.57494386,42.70068434,7.074599279,2,73.11374356,1
39,4.961372444,56.45797076,67.39499492,64.8443129,5.505799968,2,67.62790648,1
40,5.674863893,97.70255136,67.76439047,79.63323832,9.103696347,1,84.87258882,1
41,5.456592191,80.30873172,85.35062154,37.48138462,7.36733673,1,90.88347719,1
42,1.30949669,61.43214028,52.31267521,69.71185537,7.140345468,1,68.81826686,1
43,9.183883619,83.58503422,73.81239635,64.8443129,4.688613231,3,97.49945191,1
44,3.329019834,80.90641202,92.01844238,97.40488127,9.16083816,1,98.76900038,1
45,6.962700559,67.9081359,73.11042317,63.84819527,8.336885819,0,91.60911081,1
46,5.674863893,55.67787961,46.30716323,86.41947848,4.406010171,3,64.5811109,1
47,5.680612191,83.57865978,31.70805471,68.51585795,8.247010583,3,78.56238454,1
48,5.920392514,73.98352826,90.90692117,33.0388773,7.261229304,1,93.44456548,1
49,2.6636901,88.61591959,31.48885876,74.32059629,7.074599279,0,65.16959001,1
50,9.72626165,73.98352826,91.22911709,96.59823395,6.749803849,3,100,1
51,7.97619541,92.60907502,67.02559938,64.8443129,6.908177723,2,100,1
52,9.455490474,77.59534194,95.7347389,64.8443129,4.994647241,3,100,1
53,9.053446154,78.04689858,85.9148265,91.89445243,9.674188882,1,100,1
54,6.381099809,93.83268013,99.85538774,45.96558404,9.099852229,0,100,1
55,9.296868115,70.17414331,67.39499492,44.84313879,8.014134024,1,87.00446285,1
56,1.796432518,56.70076142,83.70318023,72.76866922,6.773773366,2,76.13328483,1
57,2.763845762,51.43913382,58.13516395,58.77199289,6.47059325,2,63.25970942,1
58,1.4070456,87.75686278,63.59129342,88.7902912,7.905840803,2,83.88118796,1
59,3.927972977,81.01547757,73.92538243,93.00161864,7.272591216,1,90.9879576,1
60,4.498095607,85.2039884,67.39499492,54.73949655,4.373638635,3,88.89186137,1
61,3.442141286,60.64820808,67.39499492,46.58093913,7.075015893,1,88.43033923,1
62,8.458637582,56.81857378,67.39499492,84.63678607,8.838421703,0,100,1
63,4.21077994,50.72723328,59.24367475,49.23642249,6.755439266,3,66.34943277,1
64,3.528410587,67.52937794,59.49499016,87.5830023,4.311739465,2,70.87076128,1
65,5.674863893,79.49588434,81.63076111,59.66167776,8.717669196,1,97.82640981,1
66,5.674863893,69.61220225,46.7144002,76.72849295,5.208182693,2,64.87436664,1
67,8.219772827,71.8737461,37.73318792,36.68747197,5.551725009,2,76.57581368,1
68,1.670955793,95.20793472,54.82355103,73.67015273,4.988238121,0,69.31662542,1
69,9.881982429,67.41277335,50.10672942,61.62373751,5.981290389,3,90.89630097,1
70,7.950202924,75.69947446,50.74156843,71.06259242,8.540509034,0,85.97659021,1
71,2.788441134,89.18265064,46.35254257,41.76099454,7.116315157,0,71.32194204,1
72,1.049699054,69.82713912,32.94652327,81.58116215,5.229287645,0,58.86418748,0
73,8.339152856,81.10433501,31.25117543,90.39579543,9.266980469,2,86.33355054,1
74,7.361716095,93.11818544,99.14056728,45.17178601,7.074599279,0,100,1
75,7.561064512,97.47603118,59.94411936,36.70001889,9.22347055,0,94.52608034,1
76,7.94143312,57.35367405,56.9028653,31.65470102,5.432777268,3,75.87294853,1
77,5.674863893,96.32938126,77.57530979,74.93800503,6.707436065,3,88.3764199,1
78,4.226191557,74.60581465,45.27777215,72.49658253,9.909937937,0,83.51000412,1
79,5.674863893,62.91221941,96.49728288,68.26881889,8.632074858,3,81.19415738,1
80,8.767930833,72.95678781,85.04415101,46.23629673,4.163004527,3,100,1
81,6.609683141,99.00162876,36.25877016,57.36341971,4.391227548,0,80.21002542,1
82,3.978082224,74.6309047,59.2306543,71.61334346,6.783588261,2,76.42568461,1
83,1.572025153,73.98352826,91.53828153,64.77368012,9.455321235,0,79.68177861,1
84,3.798840895,81.67004272,96.13124156,99.14498642,7.074599279,3,100,1
85,3.926649898,73.98352826,62.71810579,39.55078268,6.986875048,2,73.13135821,1
86,7.566455605,53.79316641,72.93879724,78.66011878,4.6328422,1,87.99505423,1
87,6.738017242,73.98352826,41.69237623,58.30231377,7.940680628,2,77.95880622,1
88,8.984914683,56.40229195,99.38180383,59.97397304,8.932618964,3,100,1
89,5.249934326,57.59513468,46.2170191,80.2318436,6.282520045,2,73.80777294,1
90,2.076348213,56.94135863,95.99122419,78.47053059,7.074599279,0,82.2985388,1
91,5.674863893,82.04373724,75.47526543,99.38791956,9.786859923,1,100,1
92,7.847065438,59.09400422,72.54157564,38.98760026,5.222598755,1,85.96680881,1
93,6.051494778,67.28336417,65.88819577,37.28767546,7.139977787,1,78.02999939,1
94,7.93870462,73.98352826,46.14688682,80.7037172,5.722827749,3,84.77762435,1
95,5.444160367,73.69808201,42.35696224,70.48708419,8.757126514,3,78.83607839,1
96,5.674863893,83.37788693,45.43403463,64.8443129,7.465560195,1,78.91479151,1
97,4.847869165,58.61599356,43.05067835,35.55935583,7.807494505,2,65.48092684,1
98,1.228772141,59.61445094,84.57091315,35.99607747,8.787484958,1,75.09306399,1
99,1.971022843,52.04343081,67.39499492,92.59336123,6.375822836,2,65.01093907,1
100,1.282862671,58.44675315,34.04898736,43.43071273,9.49054041,2,55.21954018,0
101,5.674863893,63.92951695,97.83718411,52.63600935,7.198173203,3,99.79970744,1
102,3.82920383,58.85052421,67.39499492,45.86594816,4.947728937,2,74.67392935,1
103,5.57713622,54.43512669,94.94265982,54.84974141,8.175394709,1,91.14330907,1
104,9.168098265,56.03179356,99.64354759,34.85966899,8.759568103,3,98.3902143,1
105,3.243630062,73.0389384,42.17266745,66.33418536,7.074599279,0,67.4344778,1
106,4.693446307,73.98352826,67.39499492,34.73287945,9.143075542,0,72.40280211,1
107,7.799960247,68.21349305,83.0766933,64.8443129,9.436859529,3,100,1
108,3.059183489,73.98352826,78.72144326,46.35984573,5.661426924,1,76.12365867,1
109,1.692819188,84.51974143,40.77271344,67.80083402,9.901128836,0,70.30721827,1
110,3.607763076,51.96560699,87.10831875,91.60553613,7.074599279,0,81.1599374,1
111,2.450991585,89.97051995,45.71084003,75.56141583,5.21209401,2,69.69536854,1
112,9.367278871,81.39501947,45.66723304,67.30704506,7.074599279,2,91.39211357,1
113,8.273083416,73.98352826,67.39499492,52.70336272,9.36393826,1,84.53914827,1
114,6.700633809,73.98352826,71.50579544,53.31013391,7.925755314,3,97.39461856,1
115,8.843145312,96.04362003,70.60603455,76.86408686,4.912625699,1,100,1
116,5.674863893,53.05389799,36.40407862,99.58975529,6.64194051,3,76.5594183,1
117,2.67913053,63.84388241,91.42226038,76.32874329,7.69178815,0,84.68430332,1
118,9.033030986,90.31006399,48.59200298,69.04483922,4.50078451,2,95.52099391,1
119,5.854080177,87.41298452,67.39499492,81.14553572,9.29449821,1,81.99266244,1
120,5.674863893,59.22605097,92.21236559,62.56439286,8.821621213,1,99.39493271,1
121,9.064821699,60.46746617,96.89560488,34.20996398,7.031240641,3,99.35236302,1
122,3.862031275,68.52360514,90.34893321,69.36077711,9.802759692,3,94.30783529,1
123,1.990467321,74.22614926,86.66612523,97.03376992,6.506565876,1,88.06440003,1
124,3.051416463,80.91273858,75.86693864,64.8443129,9.904661914,3,80.34121894,1
125,4.843970098,68.44568198,68.56001594,78.30034236,8.007519993,1,90.42431931,1
126,8.362132893,73.12673581,36.08907319,44.06535821,7.80802764,1,83.29784697,1
127,8.746575249,87.37354691,58.59172491,67.50793791,4.995729372,1,97.32237089,1
128,1.062569175,51.83416014,56.08819619,36.76735148,9.29156655,0,58.07422532,0
129,5.596725723,62.62184722,48.18276486,61.52596554,6.564938128,3,71.29517135,1
130,4.756699028,73.98352826,80.63940796,82.93143302,4.973400435,2,91.29445788,1
131,2.998970294,94.76034188,64.71130146,64.8443129,4.07564512,2,79.81872281,1
132,2.078788306,75.58387211,35.67323511,76.54382071,7.358534102,3,67.1033135,1
133,4.038536543,76.60567426,45.41282414,85.68149726,7.164397733,1,81.76793452,1
134,5.674863893,55.35860057,77.82811346,94.90244736,8.316121734,2,100,1
135,5.674863893,72.37061834,35.32916016,46.42494573,7.074599279,2,61.68662529,0
136,5.669115596,76.63086332,89.58448398,57.95211411,4.476439508,3,95.05310456,1
137,7.32717063,62.12352518,64.66025689,40.66912093,7.074599279,2,80.01129345,1
138,4.272666421,63.46216155,67.39499492,64.8443129,7.074599279,1,81.18039877,1
139,9.746038744,68.86420816,71.46854493,94.89006775,9.149062319,3,100,1
140,9.662025654,51.00355989,87.72766761,67.79699912,8.914381083,1,100,1
141,3.266040662,66.10395828,54.34664455,88.94233061,7.24476253,2,85.73095161,1
142,5.475236553,60.57240035,77.46113068,66.46705841,8.261456792,2,88.95691969,1
143,3.707904788,66.37486761,67.39499492,73.65099816,5.886100679,1,78.94338009,1
144,3.563564449,55.98810659,48.69197891,36.23871025,6.827007394,0,62.64218328,1
145,1.331982526,94.52636404,91.50409904,82.86892943,8.929821386,2,97.12206996,1
146,5.674863893,79.67962268,85.81982151,38.93994385,6.755591183,0,91.2716295,1
147,5.524111209,73.98352826,76.09162843,87.82473412,6.146789592,2,100,1
148,1.463308761,89.45856193,89.54072104,84.74196614,6.965274684,0,91.64766347,1
149,3.507818178,74.92210995,90.71059407,79.61212884,8.969495515,0,95.6694757,1
150,9.174392974,54.3460144,79.58540837,32.53122664,6.011248284,0,90.17641296,1
151,3.156057016,76.85532709,88.59093299,51.21898492,5.042569559,1,84.51226874,1
152,2.304053849,79.3420559,78.82300232,48.41787989,8.272084122,0,82.71646085,1
153,5.674863893,73.98352826,77.60985402,55.20954852,8.955869276,0,91.58677767,1
154,9.870854087,71.58297731,67.39499492,36.13499227,4.603824871,0,90.56449211,1
155,3.178497444,56.37901514,82.69016477,64.8443129,5.439244677,2,80.78145428,1
156,7.049219927,64.18879529,41.10235737,68.76615685,4.851831939,0,76.76880832,1
157,7.854576538,68.15411482,91.66095314,51.38670175,6.087648469,2,99.37614365,1
158,3.138737896,82.29586207,91.02904694,57.7887062,7.074599279,0,90.1497568,1
159,7.553947138,78.53891523,32.04730981,61.30417784,7.074599279,0,84.8197108,1
160,4.310048194,73.98352826,87.80717254,72.04160334,7.906885509,1,90.69288261,1
161,6.690752475,99.32576244,39.02089072,66.09755994,7.725571405,2,88.42965081,1
162,6.701767397,80.28874097,53.4583198,94.35743813,6.11424968,0,87.28588708,1
163,5.821972157,61.86133959,82.04557794,64.7874438,9.048685319,2,89.68742449,1
164,1.81260793,55.08912363,41.25319272,99.45106104,6.827723004,2,67.27038645,1
165,8.51772246,57.64295696,87.25769169,89.59974704,9.874629628,3,100,1
166,3.887020585,73.98352826,88.24939246,44.59573601,7.80485283,1,81.49228385,1
167,2.678666594,58.03406866,65.52274136,95.14166503,4.757588449,1,75.22644062,1
168,1.366976274,59.3283512,30.44701102,38.14564785,8.057065372,1,45.21081229,0
169,6.318036489,64.25475843,50.09266932,87.22147959,5.950624093,3,80.59143713,1
170,7.098079257,58.66867976,73.18488429,56.64363054,8.11796318,3,90.28663419,1
171,1.14929046,94.83827123,67.39499492,91.45820243,7.074599279,1,95.80766816,1
172,5.674863893,54.01168728,74.22694689,90.76396831,7.074599279,3,87.42487696,1
173,3.038461977,73.98352826,48.18625067,86.41477801,9.134423553,3,77.82425726,1
174,6.806555114,70.51984135,74.38039922,85.30213054,7.074599279,3,93.77247036,1
175,2.569297861,99.11893085,67.79897658,51.32753974,9.022246751,1,81.86995475,1
176,7.218439643,55.60194511,84.58917766,35.66434981,5.675656531,1,87.07658528,1
177,4.480618117,69.89277995,37.48864472,64.8443129,7.85729146,1,70.16707902,1
178,9.430569899,98.47352166,83.27195318,42.14671605,8.164903441,3,100,1
179,2.237688497,93.27535629,67.39499492,78.64657622,7.075928519,1,83.07827582,1
180,4.069597159,90.85360355,97.40944027,64.8443129,5.83186406,3,88.64588012,1
181,2.021261691,62.89514135,53.93105162,98.29271406,5.275866258,0,74.73061533,1
182,9.322242565,58.54437937,67.39499492,74.86804541,4.199136127,3,92.97968735,1
183,8.89605418,83.432161,95.24196739,87.57363945,5.823678407,2,100,1
184,5.674863893,73.98352826,37.17568096,39.27672709,7.918976743,1,71.63009507,1
185,5.674863893,77.83814465,95.60599411,90.34101376,9.629828911,1,100,1
186,8.354999802,78.58063447,78.15200056,94.59300334,9.227226894,2,100,1
187,5.996807304,63.99895468,34.74859414,64.09433432,8.596388659,3,74.35581934,1
188,5.766855205,73.98352826,51.06744969,72.43770564,8.73068406,0,89.53887265,1
189,3.176670618,59.35218743,79.57204621,83.53668606,7.989909421,2,79.76386606,1
190,1.83792491,66.18396182,67.39499492,42.23870391,5.561721145,2,56.900074,0
191,9.074941822,71.27182193,70.75193221,65.17962535,9.443170184,3,100,1
192,9.103762514,75.38051893,54.21181399,57.90641194,7.074599279,1,90.10801366,1
193,6.697913115,62.12048662,73.46408624,40.24617945,7.362643786,3,83.95756491,1
194,4.051268119,55.74184124,33.20194237,55.72740956,4.665936815,2,52.6398467,0
195,4.142886172,80.53100212,67.39499492,34.77206166,7.074599279,2,87.85369375,1
196,7.53360111,64.43152766,98.14422784,31.80683349,7.074599279,1,91.22335457,1
197,9.07399234,79.06191107,97.82144987,64.8443129,9.187381657,1,100,1
198,8.983777818,73.98352826,82.47562822,97.41805781,7.279889321,1,99.4534488,1
199,8.018879913,74.05700509,39.10603681,68.46706751,6.282403294,3,85.23003791,1
200,5.674863893,76.62947163,83.07842372,97.60755128,9.860801971,1,100,1
201,5.674863893,52.59117684,31.72108415,60.27485148,7.074599279,2,55.05804275,0
202,2.454658427,66.83021391,31.54864861,51.82712932,6.53529057,2,55.32581094,0
203,9.086987697,56.72073385,52.65271534,65.4299304,4.252148051,0,77.55432964,1
204,6.457861537,53.16874852,64.20502333,60.7658182,8.439424725,3,78.24923354,1
205,1.082773465,99.49801162,83.92851925,37.3965279,9.508459313,0,87.36433133,1
206,1.913243886,66.11769225,77.83067636,74.85784203,5.680223977,2,76.89140773,1
207,6.971515922,90.49372229,61.21318945,64.8443129,9.150050061,0,89.07766296,1
208,1.045554255,62.73203274,67.39499492,73.37115684,5.753309383,2,62.52541467,1
209,2.447272463,73.98352826,99.79871501,75.51407647,9.46462097,0,98.5566287,1
210,5.938604104,88.01139299,59.83269116,40.64173972,8.523771422,1,88.15662249,1
211,7.227056779,79.78193703,61.5970917,64.8443129,8.829440661,0,90.28842126,1
212,6.867651336,73.57880943,41.45366748,84.65331102,4.108039334,1,79.21745943,1
213,3.018423785,70.59204571,85.63666841,62.18602966,9.776862142,1,82.72347745,1
214,7.409612992,67.44341333,78.5577558,34.07146569,8.360025952,3,87.8188889,1
215,3.135241787,73.98352826,45.4538729,99.6406422,5.828506572,1,83.06768822,1
216,3.928597283,91.53097039,35.76667319,34.04463927,8.976367989,1,66.44577131,1
217,7.718422646,98.25134553,77.63495115,78.65246602,7.074599279,0,100,1
218,6.846696091,56.21486117,75.815785,98.85752477,9.236523037,2,97.77025226,1
219,8.643010694,86.54337376,49.12816689,46.7426073,4.675482342,3,85.42135771,1
220,6.918516031,96.91702284,67.39499492,39.95745581,7.074599279,1,100,1
221,6.11477743,59.06165331,40.57405242,64.8443129,7.24419086,3,64.96054326,1
222,1.84307291,53.32481337,60.26343607,51.22926033,4.579206821,0,59.76589392,0
223,4.309442228,73.98352826,96.05311441,64.8443129,5.45136297,1,87.55968708,1
224,5.674863893,73.98352826,59.38091218,78.45129392,4.074424218,0,79.96520373,1
225,5.674863893,73.98352826,74.69681634,34.36042587,6.812607793,3,83.88431953,1
226,9.757094993,56.98861883,57.83160786,65.65954897,5.807591565,0,82.90145154,1
227,4.537879522,89.76336559,67.39499492,99.76877977,7.590144906,3,84.97604219,1
228,9.028418997,60.081366,98.87843536,86.97791887,5.783426846,0,100,1
229,6.680247634,58.18279714,58.65338044,73.06536068,5.799514669,3,79.41944922,1
230,8.153301732,58.2132899,92.58694426,51.43775346,8.459159192,2,97.45506584,1
231,5.523733838,90.72873601,46.09682241,73.67270854,4.288857016,0,76.90301435,1
232,6.192134962,83.25986103,44.91732928,66.89290247,9.417369971,0,81.55166593,1
233,5.432659244,76.15327124,32.1793858,59.82583687,7.074599279,2,70.08259193,1
234,2.75718689,73.98352826,75.61667778,39.14972637,8.006828099,2,75.3592644,1
235,7.502069037,93.86002704,55.79684406,92.06229507,7.559329421,0,99.16277429,1
236,3.526951262,69.62225537,90.50507749,61.48492542,9.353814989,2,87.15514881,1
237,1.218843698,90.82997197,63.12469347,43.62357583,5.111981077,1,70.52255893,1
238,6.809250663,71.95674543,97.77353995,55.74315456,4.473814973,3,95.10659723,1
239,2.593996115,68.84722147,42.9867861,58.98908268,5.437061019,3,62.05078145,1
240,9.464127259,73.13398928,90.80362176,87.92765269,8.767469672,3,100,1
241,9.585357193,65.06889371,84.3617797,81.35300664,4.2080216,1,100,1
242,9.233779512,87.38046901,83.96452913,83.85134255,7.496841011,2,100,1
243,4.331428302,75.1360195,89.13482597,30.77218851,7.074599279,2,89.8052812,1
244,1.139109549,61.61063476,83.27167937,59.13077987,9.134176563,0,78.60371302,1
245,9.354867063,94.97872866,73.83542251,63.69409061,7.128674134,2,100,1
246,4.853657335,69.19456107,39.18714144,31.34345938,4.381845456,0,64.10106716,1
247,9.699893371,77.17764306,32.27683256,48.18692461,8.988241086,1,88.40312782,1
248,9.672579794,95.32360555,94.45934935,83.22028762,7.593871049,3,100,1
249,5.674863893,81.2118998,73.16552202,39.5976794,4.689597982,3,89.51765944,1
250,3.650040029,55.84490204,85.75761037,67.4717092,4.563143709,3,83.11710479,1
251,4.465879557,96.99160618,63.70656461,64.8443129,9.457760917,2,87.26281943,1
252,8.660230044,81.38540265,67.39499492,30.84845423,8.015201578,0,81.52026147,1
253,5.674863893,66.74528073,67.39499492,64.8443129,8.975720796,0,66.45998939,1
254,2.52543472,56.96360363,77.98957011,98.31116284,9.273873402,1,85.96940703,1
255,6.011211362,89.70125946,60.12141264,86.10759783,7.430634112,2,89.66531428,1
256,9.425392967,81.0036378,67.39499492,97.1703651,7.104678111,1,99.87266684,1
257,7.26426817,76.6730546,67.39499492,64.14978307,6.582564462,0,93.48065925,1
258,6.130550531,94.69462915,34.4946256,37.68153391,7.074599279,0,73.34770465,1
259,1.874588444,89.42986056,70.73799813,68.35716423,6.607575765,3,80.89650052,1
260,5.674863893,57.58374399,48.82953831,61.80641342,8.643277934,2,72.82337175,1
261,9.910484651,65.58610339,85.82913704,89.10499579,7.611540586,0,100,1
262,2.260756137,62.42445699,51.72533712,64.8443129,9.35513974,3,64.64420855,1
263,5.664966871,87.19731463,61.86541044,64.17687959,6.660280086,2,87.20934213,1
264,8.896357647,73.98352826,30.81343779,40.50340653,7.642537472,1,73.63371344,1
265,7.66691756,78.49448424,35.07128215,52.72731488,7.787845319,2,77.90868741,1
266,7.273141669,88.12293429,57.47454895,81.61499542,7.550182974,2,96.81312471,1
267,7.322356756,73.98352826,63.59571843,63.32126906,8.215802639,0,93.37790562,1
268,4.235420361,67.10408744,72.00143837,56.31217996,5.42460081,0,78.25444301,1
269,3.642326598,91.06286523,50.41638051,57.6133395,7.074182665,2,76.48617936,1
270,8.284250399,55.53158685,78.64873203,64.8443129,4.625348817,0,90.7052474,1
271,8.291020552,92.32261459,90.2085678,84.95115807,6.307067966,0,100,1
272,8.803650867,56.37443312,84.58956922,92.44592823,6.926002412,0,100,1
273,9.219164973,69.86436453,32.77331777,96.87342806,7.913345557,3,91.49230407,1
274,5.60208159,89.86476829,63.63548631,85.08323704,9.703186316,3,94.62941079,1
275,5.513646652,57.49587137,37.34511249,52.0784827,7.603906399,2,61.927618,0
276,8.184656611,61.46256976,46.94315111,78.16942943,8.461563497,0,91.1142023,1
277,6.849675377,86.11262842,99.06638153,64.8443129,7.037596357,3,100,1
278,7.317701895,86.00182683,39.974688,47.82694354,7.804624188,2,77.23675375,1
279,8.162134025,82.05738164,64.92217074,88.86101056,4.425593297,0,99.33940369,1
280,9.010048076,73.98352826,73.2709014,32.68984443,5.526349485,1,92.30312552,1
281,4.041956412,77.13622217,79.17254794,93.12333945,6.171118559,0,92.52200316,1
282,4.380246574,62.58995295,69.17540784,62.30342252,6.83496013,0,79.76620576,1
283,1.845837459,67.28479968,30.68395932,74.60410338,4.273892473,3,56.48802575,0
284,5.674863893,59.07988584,52.85229158,76.15477455,4.840144585,2,75.19824869,1
285,5.674863893,95.42252807,67.39499492,92.65824185,5.660885847,2,81.21403689,1
286,5.190382163,79.16958974,36.15065494,74.56687775,9.829196145,3,75.77628134,1
287,5.883801712,70.04257084,54.54388518,72.97535093,5.988082043,0,78.56941607,1
288,3.578871269,73.10029018,32.32421762,34.66564284,6.892246349,1,59.22022795,0
289,6.317499345,97.36416698,35.5004948,66.28856154,7.074599279,0,78.64896467,1
290,1.274502249,73.98352826,57.78462933,40.51183006,7.664680426,0,62.05083216,1
291,1.336133699,73.98352826,39.29010278,81.62036381,5.684099293,1,69.98780021,1
292,8.403405046,75.29443394,69.72785938,65.85553446,5.241955471,3,92.36259171,1
293,4.241715773,80.57271177,78.26254784,77.61594454,7.099435771,2,91.54281817,1
294,2.143544614,73.98352826,86.04106894,32.91710304,4.033034795,3,68.23422491,1
295,5.70018934,73.98352826,44.0105171,35.93544112,4.045984196,3,75.43571273,1
296,7.929941978,96.60591412,41.72378076,80.14263716,5.314412855,0,91.03191857,1
297,2.942389247,78.25665918,37.31974882,35.04590352,4.220328175,2,60.68962116,0
298,6.606014282,73.98352826,74.55011747,34.98797094,4.648154525,2,88.18034776,1
299,1.768127185,96.12496906,79.45330085,30.84759327,6.033163896,3,74.4128879,1
300,1.465135491,85.36193172,32.21103014,96.95509788,8.815514077,1,73.70239989,1
301,5.782191684,57.62695215,95.53485724,81.62558516,7.43229186,3,99.267885,1
302,5.674863893,78.81441801,33.63798986,54.7275986,7.076006356,1,70.42833739,1
303,6.736869113,80.33575232,67.89074347,50.75749069,5.760932939,2,87.49387501,1
304,7.534822004,71.20653357,67.39499492,54.47922608,9.590522317,3,98.35647514,1
305,9.782668715,86.82221178,90.96783866,84.22574718,6.382090247,0,100,1
306,5.646703135,96.71835074,79.98608525,64.8443129,4.522556601,3,100,1
307,3.906608256,96.27842565,86.12096581,42.96368975,7.702399097,2,98.43849332,1
308,8.156675753,72.54196857,53.76151348,42.18765347,4.683030361,0,78.49982618,1
309,5.674863893,55.66190229,87.03775796,36.88769548,6.071338857,0,71.1318888,1
310,5.674863893,99.24205995,35.60803925,76.22119038,7.074599279,1,82.06822754,1
311,1.706107432,91.94490432,92.63716592,83.50608636,9.245335148,0,97.8678999,1
312,5.674863893,56.23313406,68.33146633,48.55324998,6.961279482,0,63.86632718,1
313,9.663835732,96.04209413,87.2108439,31.46614727,8.213552596,3,100,1
314,8.523821085,93.4948181,61.66227992,35.75201672,9.956901034,2,91.37630763,1
315,7.263767855,75.94190286,75.05043866,64.8443129,4.788934719,1,100,1
316,4.6805765,73.98352826,66.84818627,50.68113442,5.648389153,3,78.61716912,1
317,2.559648881,69.95013519,81.21126652,83.84562035,6.367456454,0,89.44320805,1
318,2.407933384,52.73808194,35.71409874,73.72644982,6.530969071,0,64.58466933,1
319,3.252186083,66.75986208,67.39499492,64.8443129,6.466126452,1,58.98768687,0
320,5.943039982,90.14267243,47.29722638,44.39810835,9.445666015,2,80.46742851,1
321,7.431363304,50.23160115,41.16812761,38.49704927,8.284195867,1,72.39319068,1
322,6.94177639,66.67495858,67.39499492,73.05090776,7.647431285,3,98.3339775,1
323,3.519405073,69.90843468,45.34497912,84.22436464,5.856236307,1,72.23361285,1
324,9.593787526,76.86978015,98.31056791,75.07329775,8.942742305,0,100,1
325,7.64107225,95.99278082,53.58270542,67.12114933,9.730363069,3,90.54970663,1
326,5.989186473,67.31729972,67.39499492,32.93658564,8.927189695,0,70.73504456,1
327,6.505486716,67.34766009,85.2788955,97.79421443,4.009390631,2,95.33136657,1
328,4.776400562,86.87506241,67.39499492,85.90999342,7.818408221,0,94.35657656,1
329,3.229578906,72.61089704,64.87370015,64.8443129,4.306812289,0,76.1587027,1
330,4.203754108,61.23024115,68.87544857,98.59792306,5.545643322,1,80.02622134,1
331,7.820614994,72.62197581,80.34412448,72.13171127,4.357148202,0,98.60919353,1
332,1.129541398,73.98352826,45.99183189,70.76958607,7.622772718,3,59.8380134,0
333,2.044653765,58.81934933,99.74337412,82.36512256,8.119539481,3,87.43039923,1
334,1.414023778,74.91838864,98.23552135,86.82388517,4.686925828,2,90.43461502,1
335,1.366559221,73.98352826,75.52279804,75.95350251,6.303033298,3,78.10656631,1
336,8.699145256,95.74229505,43.96797157,64.8443129,6.737419054,1,88.6499114,1
337,7.332920734,68.11969496,77.61597697,53.67872542,6.214318131,2,93.33567867,1
338,5.267564462,79.02941751,67.39499492,94.96585482,4.726150003,3,76.25846991,1
339,1.880507446,81.6132144,32.14567515,45.72309283,6.513686741,1,56.80535182,0
340,5.424542876,50.65472283,48.0378022,56.05169167,8.507068287,3,67.1471214,1
341,5.261245937,83.1768686,62.38360697,60.24538181,7.074599279,3,79.68913194,1
342,2.558816829,58.90179834,90.77907538,60.75834928,4.481080084,0,87.13865336,1
343,4.904664843,98.05351587,80.90183488,72.90577077,6.128627751,3,100,1
344,4.58654261,57.43313639,81.98945648,96.01530864,7.074599279,3,88.58554424,1
345,6.542650882,70.73120619,59.78453341,46.84848983,8.01143588,1,78.17488784,1
346,6.715842858,54.2674834,54.21544948,38.50509634,8.07201974,1,75.33259058,1
347,1.407736088,99.84371259,55.97271341,43.82293429,6.171519945,0,73.1433086,1
348,4.371513532,75.10975052,99.13546946,64.8443129,7.561964747,3,100,1
349,6.632739241,79.76925087,32.8076434,75.20675689,4.060787104,0,75.28932144,1
350,5.528226327,53.35382387,90.69220473,50.01347525,7.816576278,3,86.31061658,1
351,8.708408571,87.49802352,70.5072786,87.11628573,9.479721685,2,100,1
352,6.928242685,60.49527965,60.70307934,90.29589975,7.67544081,2,89.20684347,1
353,2.466409844,94.90271447,67.39499492,64.8443129,9.242191561,0,88.61274955,1
354,1.635118727,60.25698202,64.0668259,94.32485735,8.343838333,0,75.12859206,1
355,6.781773504,59.53438603,91.13962667,47.65687141,4.723350498,0,86.36199247,1
356,1.238601795,51.82748339,93.04913048,64.8443129,9.414719844,1,82.9946437,1
357,6.271980231,73.60334726,59.52046488,64.8443129,4.398663066,1,90.50712386,1
358,9.462072173,78.24205666,49.37794581,88.9398987,7.203804835,1,97.70424141,1
359,6.179267601,53.28543197,71.464523,64.8443129,4.852822743,0,83.22034476,1
360,4.493529336,88.77638083,93.86543419,84.35132125,4.070239664,3,100,1
361,6.789593966,72.66444174,44.74635323,75.93132864,6.532205561,2,83.23319066,1
362,5.124276014,76.21951347,73.60766085,42.42001386,5.770244246,0,83.19627691,1
363,5.910551104,72.03813735,74.20921541,68.15188432,6.916002963,1,91.39371229,1
364,9.473183279,73.98352826,81.31791157,98.92688177,7.46319932,1,100,1
365,4.47492374,77.98201657,39.20973796,95.61716465,4.262434434,0,72.49647343,1
366,9.650715074,57.7620123,80.10774753,33.02216151,7.074599279,0,91.08719623,1
367,9.148155778,59.09640652,67.39499492,41.5370371,7.074599279,1,95.50641828,1
368,2.762120213,93.08928105,42.57781762,39.22101414,6.059004119,3,68.81401689,1
369,1.624251708,97.30577311,46.62803274,80.8185937,7.074599279,1,74.49840028,1
370,1.907002012,73.98352826,97.99765658,87.24497309,7.913749892,1,89.63035248,1
371,1.163996431,63.53723366,42.66838669,44.94579564,9.073626178,0,56.79802963,0
372,1.849986647,82.19997716,67.39499492,65.40968851,8.15495696,3,90.29708052,1
373,7.147060961,70.43670855,64.45944995,88.84921196,6.579586464,1,95.46076762,1
374,1.640697836,51.26931778,47.30617521,81.29610813,8.037799734,1,59.78522816,0
375,3.870780673,57.80762987,90.95249309,67.95660438,7.074599279,2,84.74403847,1
376,8.603877799,85.79861144,67.39499492,71.32433833,5.837880993,0,93.99377306,1
377,1.209447422,82.9461971,66.03721478,65.58523828,8.73391096,2,73.00253119,1
378,8.330216343,51.35479963,55.14633586,50.82839159,6.678517098,2,78.64876753,1
379,5.674863893,61.0986081,71.5065596,64.8443129,8.790282043,1,79.31742677,1
380,2.063483449,61.55373983,41.44667108,78.22197114,8.934534242,0,73.09431866,1
381,7.270634488,73.98352826,57.37570757,91.13260411,9.145374026,3,98.51135197,1
382,6.660485621,50.98552689,97.85886256,74.54039478,9.499811415,1,94.69569782,1
383,8.897248122,55.2054291,48.06934029,83.27850759,6.585911323,3,84.02840004,1
384,7.615639394,89.99580427,75.97156652,41.20501445,5.91320091,3,97.45263976,1
385,8.231328373,58.9272331,52.7633045,62.30902321,7.49319248,0,89.69780229,1
386,3.538311153,82.63730539,84.1431188,30.65321339,6.227034541,2,76.66309988,1
387,2.596955894,61.90913905,39.16115625,47.26752052,7.074599279,0,53.44824785,0
388,7.755532765,54.97206964,97.88747316,80.85232006,8.233515176,3,100,1
389,8.261512653,73.98352826,61.7652679,99.42669659,8.130430111,1,97.32283995,1
390,9.914546278,86.11334659,46.52353243,36.94246697,6.247317322,3,85.21798831,1
391,4.713559092,92.78482341,35.14477231,58.10460211,5.00116121,1,74.26000211,1
392,4.348162772,91.51099323,41.88305336,86.00496781,6.583176031,1,73.127934,1
393,7.987716647,69.85917648,66.3841764,44.28249442,4.855564864,0,85.19676371,1
394,4.067231862,83.40425683,53.59022235,68.85594645,9.340582211,3,82.7542966,1
395,5.674863893,60.24921477,88.02183561,81.31499072,6.075264764,2,100,1
396,8.725714767,73.98352826,60.16212666,73.11898152,4.926758483,3,86.14807785,1
397,4.860946246,94.81679093,47.40999908,43.16173142,4.152686559,3,75.03396998,1
398,7.75783961,50.65009618,73.20014906,54.87691981,7.874934318,2,83.82265171,1
399,7.790885867,54.27542654,79.47440518,84.86542491,7.821413905,0,97.00569779,1
400,1.92811482,60.39431276,41.69293355,68.79585599,7.074599279,3,57.69656894,0
401,9.12297616,51.32661019,41.73334514,30.36607295,4.430271333,3,68.739433,1
402,5.547271352,59.07177175,32.56699989,83.2693532,6.457773369,1,67.51434336,1
403,8.438117195,79.15207805,81.54814105,32.47179485,5.86730497,3,95.99430409,1
404,3.880446409,71.07122753,76.46631693,82.20136479,8.062723838,2,90.62758441,1
405,9.059709056,73.98352826,67.39499492,44.17363921,7.634675497,1,96.62440899,1
406,5.674863893,90.87217809,89.09193143,97.06514361,6.187562369,0,100,1
407,1.097538863,67.09086758,86.39691071,55.75585259,5.307355326,1,70.09139275,1
408,9.148437788,62.97117167,70.97480551,52.88521314,9.928215797,2,94.33281555,1
409,1.821580091,68.98462041,90.77898964,40.42216352,6.724009727,2,77.12955083,1
410,3.873822738,79.51474713,44.4088847,51.39229508,8.129645415,1,79.50992994,1
411,9.550557703,63.40318204,37.83437336,91.36555333,4.843317805,0,82.58690446,1
412,9.555464322,81.20744539,48.88247281,99.74340363,6.913538198,1,100,1
413,6.160940993,70.47058261,33.99607993,55.78166714,4.165220319,0,71.5345598,1
414,6.68653491,77.60235904,67.39499492,61.40274417,7.032730707,1,90.36824798,1
415,5.674863893,71.80632646,95.56239846,64.8443129,9.784104443,2,100,1
416,3.638896945,64.72328798,32.75404785,92.03370463,7.074599279,3,69.26359399,1
417,3.957980908,97.42266535,38.54769398,71.51310339,4.233976075,3,76.22389426,1
418,7.052666105,88.18028971,61.65393198,57.40679887,4.185734746,0,87.78139058,1
419,7.771370765,57.00565879,95.37125123,58.88352886,6.32792056,0,100,1
420,8.124211394,93.42339879,52.13092735,78.69327025,4.960149619,0,97.24023613,1
421,8.106563285,74.37155991,65.50643661,30.22527845,4.140112578,2,81.14186888,1
422,1.820854927,94.72761134,32.91010013,73.37125362,8.537281684,1,66.29867906,1
423,5.674863893,89.9927628,40.38402407,54.88451073,6.751138053,2,76.61988498,1
424,1.51802884,71.26067522,99.06410861,64.8443129,5.735468632,3,86.01204811,1
425,5.674863893,51.12346542,97.55830875,36.50934479,9.400499098,0,88.70943728,1
426,4.973774512,63.43386797,30.34579867,71.17415869,4.696833761,1,68.7337833,1
427,8.989337645,77.08171073,96.62682498,63.66810229,9.735512974,3,100,1
428,5.674863893,81.67391099,74.73839565,64.8443129,5.883800304,3,87.62012442,1
429,2.053603148,62.89438427,90.75428062,34.53975161,9.330422034,3,77.74327753,1
430,2.286925138,56.9678037,67.39499492,70.59886512,7.617657259,2,72.96655541,1
431,7.853595685,91.74651184,66.091722,69.30392116,8.960244158,0,93.6017898,1
432,6.56396257,99.22010904,64.21926062,69.24620661,9.904078979,3,97.07884408,1
433,1.910104085,76.28450912,67.39499492,72.24413666,5.730432627,0,80.10097524,1
434,1.756961255,58.58396429,39.77558783,77.35275561,9.766812912,2,67.59390909,1
435,7.308722183,63.61536633,32.09815129,86.34922998,6.336891369,3,75.98106699,1
436,1.654867057,50.91953383,51.55509591,48.88745041,6.313071428,2,51.32340308,0
437,8.396740534,95.71494033,79.32765339,87.75345871,6.042322626,2,100,1
438,7.356180044,55.88755414,44.12974165,64.87789776,7.248445644,0,74.80464107,1
439,1.732139026,78.82582378,77.14027033,35.39407954,4.924870259,3,68.13495853,1
440,1.763539427,63.70276103,97.89384323,34.09856505,7.322268912,2,75.82792963,1
441,9.879756207,77.70890013,36.57305011,53.39668231,7.250228874,3,84.95714796,1
442,4.368437162,82.57101942,77.08214828,84.9427884,8.571410876,0,92.45521118,1
443,4.335779324,91.48709019,61.06251535,79.53766543,9.001899772,2,83.17120585,1
444,5.674863893,60.32106359,90.76995781,85.20304753,7.074599279,0,100,1
445,9.525237196,50.54979143,42.40048526,66.20883395,7.074599279,3,83.58123453,1
446,9.874009574,73.98352826,78.48381666,60.81392986,5.556009384,3,97.74220117,1
447,7.780403667,95.00093209,88.66807028,40.32167687,5.16774302,0,97.12774012,1
448,5.674863893,93.69450388,96.12299536,52.97349275,4.345885493,1,94.05266756,1
449,1.75150645,73.98352826,77.82736198,60.38135563,7.074599279,2,78.45805573,1
450,7.994322243,80.02584302,64.80223348,36.20203008,5.621486153,3,88.56988837,1
451,6.025638248,83.25183373,73.24930681,45.44283669,9.798504315,3,93.24428071,1
452,4.817998083,58.76856393,67.39499492,71.87577058,7.074599279,2,87.93278867,1
453,9.157189466,95.7205973,69.94268226,81.496418,6.083662234,0,100,1
454,5.674863893,70.93852624,32.12709418,64.8443129,7.482805606,0,68.96623955,1
455,5.674863893,69.15692641,95.16640869,95.31793319,4.835180208,0,100,1
456,1.102182803,75.94588526,78.26687257,74.97956397,6.664262495,1,81.17075793,1
457,5.217945778,52.34829834,67.39499492,59.48736373,7.757405929,1,84.32275037,1
458,1.506729481,58.31416844,45.09726067,74.53241553,6.933386991,3,62.14469322,1
459,2.069361246,86.90168082,67.39499492,84.99561327,6.410672804,0,90.36855404,1
460,2.057736221,54.1399334,57.5705084,38.28353336,9.963090333,2,64.29247743,1
461,6.842892719,80.15760547,75.58630839,58.69334228,9.281888573,3,93.24777645,1
462,7.714403913,62.26745548,37.46151212,88.78615999,7.740435749,2,86.51583089,1
463,6.250318886,69.4647807,76.04917132,64.8443129,7.416264167,3,90.89369471,1
464,9.659552936,73.98352826,99.9589608,64.8443129,7.723962879,1,100,1
465,4.373835216,67.78363582,33.37484272,71.14385526,5.207872647,3,64.80469828,1
466,5.674863893,85.95229526,98.4021929,42.91333772,6.37082646,1,91.7040127,1
467,5.674863893,64.85608578,58.48355725,55.35648092,7.074599279,3,86.00003286,1
468,3.012362547,78.32023201,90.95274152,53.41579021,6.853276225,0,87.04256492,1
469,9.669002855,73.80252011,67.39499492,31.8337696,7.258147504,2,99.6133856,1
470,1.109390272,83.18355827,69.69113827,31.69342347,7.074599279,0,72.96474884,1
471,9.72890944,96.84148697,81.69144465,88.21879306,9.784173083,3,100,1
472,1.388439208,86.62860486,91.49608929,49.1149567,9.456727666,3,86.60396058,1
473,9.020288023,60.74701893,58.28982252,66.26551364,8.332859413,3,93.01079264,1
474,5.749309982,51.55915675,52.89232131,50.91079015,7.200319773,1,68.15751159,1
475,9.936683165,73.98352826,76.73153699,95.84754716,9.219814958,2,100,1
476,1.664169083,79.75389654,86.54921594,48.15077312,7.074599279,2,83.38035032,1
477,5.674863893,52.57129067,83.35995943,60.07597689,8.743058766,3,87.17355311,1
478,9.723722821,74.81831236,85.84695542,91.09111753,7.074599279,3,100,1
479,5.707880598,73.98352826,60.49083204,88.93534968,7.074599279,1,89.86868459,1
480,6.664587743,66.71219454,87.24839513,64.8443129,5.65460541,0,85.89790579,1
481,7.261738201,88.54561019,38.41463388,86.18503169,9.262543486,0,87.86001531,1
482,5.090869583,55.32991266,68.11423686,64.8443129,9.664252563,2,80.08462197,1
483,6.648022721,53.75688909,30.40310623,63.80782105,4.892775816,1,61.67001635,0
484,6.258828807,86.40943781,52.72100809,64.8443129,6.77605363,3,80.47934925,1
485,9.110422094,74.77456581,55.65230744,35.64210596,9.885924269,2,91.74573599,1
486,1.409017423,84.42011982,57.73208841,80.95575149,7.074599279,1,73.01424995,1
487,3.528668706,71.74136693,78.68270447,64.75228066,9.181285135,0,90.27109102,1
488,9.553703357,62.32010166,57.19906709,60.57954918,7.532389133,1,91.41744264,1
489,9.012374055,90.95511588,61.40855358,64.8443129,6.251979448,0,100,1
490,5.100910775,89.97079395,67.39499492,64.8443129,5.714701333,1,81.40358443,1
491,6.58119338,84.73482354,67.39499492,41.12357174,5.219338547,2,83.62270594,1
492,3.496430647,63.60725686,45.90887391,72.71576046,8.570789148,0,67.7731581,1
493,2.693090438,79.51153334,35.12371466,39.47478576,6.319243041,2,62.86715988,1
494,5.173285644,68.04869485,72.24140154,82.59625602,7.067652773,2,88.933448,1
495,5.674863893,54.57910367,76.7748959,75.98686094,6.95395288,0,83.43527834,1
496,6.252905007,95.86567877,67.39499492,96.96302348,7.463674175,0,100,1
497,1.699611733,56.84093155,62.44458307,64.8443129,7.074599279,3,60.60261346,0
498,9.769553269,97.51186769,56.58500461,33.99383048,9.884436062,3,99.67110877,1
499,9.8758967,72.30028865,90.43335547,64.8443129,6.445505251,3,100,1
